<?xml version="1.0" encoding="UTF-8"?>
<project-private xmlns="http://www.netbeans.org/ns/project-private/1">
    <editor-bookmarks xmlns="http://www.netbeans.org/ns/editor-bookmarks/2" lastBookmarkId="0"/>
    <open-files xmlns="http://www.netbeans.org/ns/projectui-open-files/2">
        <group>
            <file>file:/S:/Udea/Logica%20y%20Representación%20III/Practica2%20Ultimante/Practica2/src/Modelo/Grafo.java</file>
            <file>file:/S:/Udea/Logica%20y%20Representación%20III/Practica2%20Ultimante/Practica2/src/Controlador/controlador.java</file>
            <file>file:/S:/Udea/Logica%20y%20Representación%20III/Practica2%20Ultimante/Practica2/src/Vista/DrawGraph.java</file>
            <file>file:/S:/Udea/Logica%20y%20Representación%20III/Practica2%20Ultimante/Practica2/src/Controlador/Controller.java</file>
            <file>file:/S:/Udea/Logica%20y%20Representación%20III/Practica2%20Ultimante/Practica2/src/Modelo/modelo.java</file>
            <file>file:/S:/Udea/Logica%20y%20Representación%20III/Practica2%20Ultimante/Practica2/src/Vista/VistaPrincipal.java</file>
        </group>
    </open-files>
</project-private>
